{"connections": [{"source": 1, "attenuation": 40, "dist": 16.478777094128024, "target": 2, "distThreshold": 20}, {"source": 2, "attenuation": 40, "dist": 16.478777094128024, "target": 1, "distThreshold": 20}], "header": {"corner": [-10, -10], "windowRatio": 1, "width": 30}, "nodeList": [{"radio": [[10, 1], [15, 15], [20, 40]], "id": 1, "name": "1", "pos": {"unitB": [-2.0434782608695654, -1.2173913043478262], "pixels": [183, 202]}}, {"radio": [[10, 1], [15, 15], [20, 40]], "id": 2, "name": "2", "pos": {"unitB": [12.434782608695652, 6.6521739130434785], "pixels": [516, 383]}}]}